{
  "model": "qwen3-8b",
  "fp16_ppl": 19.34803335065941,
  "rtn_ppl": 20.090752009058253,
  "b1_ppl": 20.755158174491918,
  "b1_vs_fp16": 1.4071248238325076,
  "b1_vs_rtn": 0.6644061654336646,
  "b1_vs_rtn_pct": 89.45596800624278,
  "n_layers_with_stats": 252
}