{
  "model": "qwen3-8b",
  "n_layers": 252,
  "beta_mean": 1.4440869880638856,
  "beta_std": 0.30019250978949275,
  "beta_min": 0.5017801780178017,
  "beta_max": 1.8987198719871987,
  "beta_median": 1.4864286428642863,
  "beta_p25": 1.2686418641864186,
  "beta_p75": 1.683115811581158,
  "layer_type_stats": {
    "attention_qkv": {
      "mean": 1.3760172313527648,
      "std": 0.2322300693503444,
      "count": 108
    },
    "attention_out": {
      "mean": 1.3793137647098044,
      "std": 0.3094127394832069,
      "count": 36
    },
    "mlp_up": {
      "mean": 1.5598191763620806,
      "std": 0.318854831523333,
      "count": 72
    },
    "mlp_down": {
      "mean": 1.48160510495494,
      "std": 0.35164158025909953,
      "count": 36
    }
  }
}