{
  "task": "operator learning \u2014 1D viscous Burgers, u(.,0) -> u(.,1)",
  "dataset": "self-generated Burgers GRF, nu=0.001, T=1.0, grid=128, 1000 train / 200 val / 200 test",
  "metrics": [
    "rel_l2"
  ],
  "seeds": [
    0,
    1,
    2
  ],
  "provenance": {
    "mode": "measured",
    "source": "measured run from experiment/run_all.py (pseudo-spectral ground truth generated in data.py; no external dataset)",
    "dataset_contract": "./data_contract.md",
    "timestamp": "2026-07-01T06:47:57Z",
    "hardware": "CPU (local); PyTorch 2.5.1",
    "wall_clock_seconds": 1234.5
  },
  "summary": {
    "fno": {
      "rel_l2": {
        "mean": 0.06668814023335774,
        "std": 0.0007161394587265322,
        "n_seeds": 3,
        "params": 74209
      }
    },
    "mlp": {
      "rel_l2": {
        "mean": 0.22471846143404642,
        "std": 0.005855458472094497,
        "n_seeds": 3,
        "params": 657024
      }
    },
    "cnn": {
      "rel_l2": {
        "mean": 0.6812142928441366,
        "std": 0.001642562422210543,
        "n_seeds": 3,
        "params": 41793
      }
    }
  },
  "ablation": {
    "fourier_modes": {
      "modes": [
        4,
        8,
        12,
        16
      ],
      "rel_l2": [
        0.08102163672447205,
        0.06841025501489639,
        0.0668911263346672,
        0.06740506738424301
      ]
    },
    "train_size": {
      "n_train": [
        200,
        500,
        1000
      ],
      "rel_l2": [
        0.12005680054426193,
        0.08451021462678909,
        0.06740506738424301
      ]
    }
  },
  "super_resolution": {
    "grids": [
      128,
      256,
      512,
      1024
    ],
    "fno": [
      0.06740506738424301,
      0.07845276594161987,
      0.08090908080339432,
      0.0718110054731369
    ],
    "cnn": [
      0.6789210438728333,
      0.7441251873970032,
      0.7403697967529297,
      0.7269234657287598
    ]
  },
  "training_curves": {
    "fno": {
      "train_loss": [
        0.6365619087219239,
        0.25979068100452424,
        0.1620477904379368,
        0.13672941640019418,
        0.12137364879250527,
        0.1080514906346798,
        0.09959569737315178,
        0.09405255921185017,
        0.08646567650139332,
        0.08469345055520534,
        0.07527043454349042,
        0.07313109248876572,
        0.06982789523899555,
        0.07019002854824066,
        0.06834187790751457,
        0.06684067837893963,
        0.061096372455358504,
        0.06168004512786865,
        0.060815227329730985,
        0.06055156782269478,
        0.057390093877911566,
        0.057242341712117194,
        0.05620950005948543,
        0.057252710089087486,
        0.054043691381812094,
        0.053291187062859534,
        0.051917148977518084,
        0.05132920555770397,
        0.05096334040164947,
        0.051202508211135866,
        0.05043943904340267,
        0.048860595896840095,
        0.04864447236061096,
        0.0483549177646637,
        0.047684424445033076,
        0.04729336142539978,
        0.04763205721974373,
        0.046680900901556015,
        0.04632162541151047,
        0.045780055373907086,
        0.045697985738515856,
        0.04551806412637234,
        0.04528995469212532,
        0.045236133337020874,
        0.04498884223401547,
        0.0448965210467577,
        0.04482133202254772,
        0.0447439194470644,
        0.044687742069363594,
        0.04466735936701298
      ],
      "val_loss": [
        0.37893563508987427,
        0.20780065655708313,
        0.1622280478477478,
        0.13884879648685455,
        0.12074396759271622,
        0.11222440749406815,
        0.10677747428417206,
        0.09852548688650131,
        0.09522650390863419,
        0.08990137279033661,
        0.08333080261945724,
        0.084642194211483,
        0.08534999191761017,
        0.08818241208791733,
        0.0833120346069336,
        0.0794764906167984,
        0.0762724056839943,
        0.07789816707372665,
        0.07762039452791214,
        0.07557215541601181,
        0.07528940588235855,
        0.07538188993930817,
        0.07482696324586868,
        0.07743639498949051,
        0.07811985909938812,
        0.07362832874059677,
        0.07208800315856934,
        0.07176170498132706,
        0.07292349636554718,
        0.07185039669275284,
        0.07110092043876648,
        0.07128062844276428,
        0.07139080762863159,
        0.07037290185689926,
        0.07112696766853333,
        0.07131988555192947,
        0.06940107047557831,
        0.07161048799753189,
        0.06985235214233398,
        0.06967686116695404,
        0.06963983178138733,
        0.06922032684087753,
        0.06981009244918823,
        0.06947826594114304,
        0.0693177580833435,
        0.06941896677017212,
        0.06932758539915085,
        0.06922535598278046,
        0.06926500052213669,
        0.06923928111791611
      ]
    },
    "mlp": {
      "train_loss": [
        0.5694832789897919,
        0.42866149961948397,
        0.3770438289642334,
        0.3502288258075714,
        0.3315163803100586,
        0.31762951135635376,
        0.3049936878681183,
        0.2982390695810318,
        0.27443819522857665,
        0.2735742643475533,
        0.26287959545850753,
        0.2525811746716499,
        0.25040550202131273,
        0.24492958039045334,
        0.232304927110672,
        0.23128412663936615,
        0.21382145464420318,
        0.20888960778713225,
        0.20841013729572297,
        0.1971970096230507,
        0.190464625954628,
        0.1862633454799652,
        0.18375147253274918,
        0.18092375069856645,
        0.17629399329423903,
        0.1712934786081314,
        0.16575110107660293,
        0.15998612105846405,
        0.15588708490133285,
        0.15283042818307876,
        0.14924095541238785,
        0.14513134390115737,
        0.14126495510339737,
        0.136729623824358,
        0.13389864459633827,
        0.13081333339214324,
        0.12791342109441758,
        0.12492909133434296,
        0.12217052832245827,
        0.1191319178044796,
        0.11738219618797302,
        0.11520663693547249,
        0.11359645023941994,
        0.11218044385313988,
        0.11075708121061326,
        0.10982979029417038,
        0.10902776688337326,
        0.1084116618335247,
        0.10799409851431846,
        0.10779201075434684
      ],
      "val_loss": [
        0.47613731026649475,
        0.43030375242233276,
        0.3980151116847992,
        0.3666941523551941,
        0.3611493408679962,
        0.36574089527130127,
        0.3298954665660858,
        0.3140829801559448,
        0.3212379217147827,
        0.3004763722419739,
        0.29838964343070984,
        0.29502981901168823,
        0.2900766432285309,
        0.2842769920825958,
        0.3000974953174591,
        0.2751908600330353,
        0.27097952365875244,
        0.27143198251724243,
        0.2667577862739563,
        0.263298898935318,
        0.26037076115608215,
        0.26390284299850464,
        0.2533971965312958,
        0.2549033463001251,
        0.25797393918037415,
        0.252583771944046,
        0.24575218558311462,
        0.2516613304615021,
        0.24344682693481445,
        0.24579954147338867,
        0.24090704321861267,
        0.23963910341262817,
        0.23610824346542358,
        0.23993048071861267,
        0.23752659559249878,
        0.23370137810707092,
        0.23585577309131622,
        0.23190858960151672,
        0.23318107426166534,
        0.23221643269062042,
        0.2308100312948227,
        0.23101140558719635,
        0.23002523183822632,
        0.2301139235496521,
        0.22944152355194092,
        0.22972333431243896,
        0.2293688952922821,
        0.22941341996192932,
        0.22935079038143158,
        0.22935394942760468
      ]
    },